<?xml version="1.0" encoding="UTF-8"?><?xml-stylesheet type="text/xsl" href="build_dictionary.xsl"?><job>	<message name="ACK"/>	<message name="ACK_N02"/>	<message name="ADR_A19"/>	<message name="ADT_A01"/>	<message name="ADT_A02"/>	<message name="ADT_A03"/>	<message name="ADT_A05"/>	<message name="ADT_A06"/>	<message name="ADT_A09"/>	<message name="ADT_A15"/>	<message name="ADT_A16"/>	<message name="ADT_A17"/>	<message name="ADT_A18"/>	<message name="ADT_A20"/>	<message name="ADT_A21"/>	<message name="ADT_A24"/>	<message name="ADT_A30"/>	<message name="ADT_A37"/>	<message name="ADT_A38"/>	<message name="ADT_A39"/>	<message name="ADT_A43"/>	<message name="ADT_A45"/>	<message name="ADT_A50"/>	<message name="ADT_A52"/>	<message name="ADT_A54"/>	<message name="ADT_A60"/>	<message name="ADT_A61"/>	<message name="BAR_P01"/>	<message name="BAR_P02"/>	<message name="BAR_P05"/>	<message name="BAR_P06"/>	<message name="BAR_P10"/>	<message name="CRM_C01"/>	<message name="CSU_C09"/>	<message name="DFT_P03"/>	<message name="DFT_P11"/>	<message name="DOC_T12"/>	<message name="DSR_Q01"/>	<message name="DSR_Q03"/>	<message name="EAC_U07"/>	<message name="EAN_U09"/>	<message name="EAR_U08"/>	<message name="EDR_R07"/>	<message name="EQQ_Q04"/>	<message name="ERP_R09"/>	<message name="ESR_U02"/>	<message name="ESU_U01"/>	<message name="INR_U06"/>	<message name="INU_U05"/>	<message name="LSU_U12"/>	<message name="MDM_T01"/>	<message name="MDM_T02"/>	<message name="MFK_M01"/>	<message name="MFN_M01"/>	<message name="MFN_M02"/>	<message name="MFN_M03"/>	<message name="MFN_M04"/>	<message name="MFN_M05"/>	<message name="MFN_M06"/>	<message name="MFN_M07"/>	<message name="MFN_M08"/>	<message name="MFN_M09"/>	<message name="MFN_M10"/>	<message name="MFN_M11"/>	<message name="MFN_M12"/>	<message name="MFQ_M01"/>	<message name="MFR_M01"/>	<message name="NMD_N02"/>	<message name="NMQ_N01"/>	<message name="NMR_N01"/>	<message name="OMD_O03"/>	<message name="OMG_O19"/>	<message name="OML_O21"/>	<message name="OMN_O07"/>	<message name="OMP_O09"/>	<message name="OMS_O05"/>	<message name="ORD_O04"/>	<message name="ORF_R04"/>	<message name="ORG_O20"/>	<message name="ORL_O22"/>	<message name="ORM_O01"/>	<message name="ORN_O08"/>	<message name="ORP_O10"/>	<message name="ORR_O02"/>	<message name="ORS_O06"/>	<message name="ORU_R01"/>	<message name="OSQ_Q06"/>	<message name="OSR_Q06"/>	<message name="OUL_R21"/>	<message name="PEX_P07"/>	<message name="PGL_PC6"/>	<message name="PMU_B01"/>	<message name="PMU_B03"/>	<message name="PMU_B04"/>	<message name="PPG_PCG"/>	<message name="PPP_PCB"/>	<message name="PPR_PC1"/>	<message name="PPT_PCL"/>	<message name="PPV_PCA"/>	<message name="PRR_PC5"/>	<message name="PTR_PCF"/>	<message name="QBP_Q11"/>	<message name="QBP_Q13"/>	<message name="QBP_Q15"/>	<message name="QBP_Q21"/>	<message name="QBP_Z73"/>	<message name="QCK_Q02"/>	<message name="QCN_J01"/>	<message name="QRY_A19"/>	<message name="QRY_PC4"/>	<message name="QRY_Q01"/>	<message name="QRY_Q02"/>	<message name="QRY_R02"/>	<message name="QRY_T12"/>	<message name="QSB_Q16"/>	<message name="QVR_Q17"/>	<message name="RAR_RAR"/>	<message name="RAS_O17"/>	<message name="RCI_I05"/>	<message name="RCL_I06"/>	<message name="RDE_O11"/>	<message name="RDR_RDR"/>	<message name="RDS_O13"/>	<message name="RDY_K15"/>	<message name="REF_I12"/>	<message name="RER_RER"/>	<message name="RGR_RGR"/>	<message name="RGV_O15"/>	<message name="ROR_ROR"/>	<message name="RPA_I08"/>	<message name="RPI_I01"/>	<message name="RPI_I04"/>	<message name="RPL_I02"/>	<message name="RPR_I03"/>	<message name="RQA_I08"/>	<message name="RQC_I05"/>	<message name="RQI_I01"/>	<message name="RQP_I04"/>	<message name="RQQ_Q09"/>	<message name="RRA_O18"/>	<message name="RRD_O14"/>	<message name="RRE_O12"/>	<message name="RRG_O16"/>	<message name="RRI_I12"/>	<message name="RSP_K11"/>	<message name="RSP_K13"/>	<message name="RSP_K15"/>	<message name="RSP_K21"/>	<message name="RSP_K22"/>	<message name="RSP_K23"/>	<message name="RSP_K24"/>	<message name="RSP_K25"/>	<message name="RSP_Z82"/>	<message name="RSP_Z86"/>	<message name="RSP_Z88"/>	<message name="RSP_Z90"/>	<message name="RTB_K13"/>	<message name="RTB_Q13"/>	<message name="RTB_Z74"/>	<message name="SIU_S12"/>	<message name="SPQ_Q08"/>	<message name="SQM_S25"/>	<message name="SQR_S25"/>	<message name="SRM_S01"/>	<message name="SRR_S01"/>	<message name="SSR_U04"/>	<message name="SSU_U03"/>	<message name="SUR_P09"/>	<message name="TBR_R08"/>	<message name="TCU_U10"/>	<message name="UDM_Q05"/>	<message name="VQQ_Q07"/>	<message name="VXQ_V01"/>	<message name="VXR_V03"/>	<message name="VXU_V04"/>	<message name="VXX_V02"/></job>